PubmedID,Title,Publication Date,Non-academic Author(s),Company Affiliation(s),Corresponding Author Email
39755998,"Comprehensive histopathological analysis of gastric cancer in European and Latin America populations reveals differences in PDL1, HER2, p53 and MUC6 expression.",2025 Jan 5,N/A,N/A,N/A
39755992,Characterization of stem cell landscape and identification of stemness-relevant prognostic gene signature to aid immunotherapy in breast cancer.,2025 Jan 5,N/A,N/A,N/A
39755988,Frequency of somatic and germline variants of predisposition genes in young Chinese women with breast cancer.,2025 Jan 5,N/A,N/A,N/A
39755983,Aggressive Subtypes of Laryngeal Chondrosarcoma and their Clinical Behavior: A Systematic Review.,2025 Jan 5,N/A,N/A,N/A
39755982,"The Stockholm early detection of cancer study (STEADY-CAN): rationale, design, data collection, and baseline characteristics for 2.7 million participants.",2025 Jan 5,N/A,N/A,N/A
39755981,"More micrometastases, more recurrence? The role of qPCR of PSA mRNA in lymph nodes during prostatectomy.",2025 Jan 5,N/A,N/A,N/A
39755887,ASO Visual Abstract: Defining and Predicting Early Recurrence for Optimal Treatment Strategies in Intraductal Papillary Mucinous Neoplasm-Derived Pancreatic Cancer--An International Multicenter Study.,2025 Jan 4,N/A,N/A,N/A
39755880,The sarcoma ring trial: a case-based analysis of inter-center agreement across 21 German-speaking sarcoma centers.,2025 Jan 4,N/A,N/A,N/A
39755870,"Circular RNAs in cancer: roles, mechanisms, and therapeutic potential across colorectal, gastric, liver, and lung carcinomas.",2025 Jan 4,N/A,N/A,N/A
39755866,Inflammatory markers predict efficacy of immunotherapy in advanced non-small cell lung cancer: a preliminary exploratory study.,2025 Jan 4,N/A,N/A,N/A
